a,b,c,d,e,f,g,h,i,j,k,l,m,n,o,p
{F887F88E-7D15-4415-804E-52EAC2F10958},70000,1995-07-07 00:00,MK15 9HP,D,N,F,THYME COTTAGE,,ALDRICH DRIVE,WILLEN,MILTON KEYNES,MILTON KEYNES,MILTON KEYNES,A,A
{40FD4DF2-5362-407C-92BC-566E2CCE89E9},44500,1995-02-03 00:00,SR6 0AQ,T,N,F,50,,HOWICK PARK,SUNDERLAND,SUNDERLAND,SUNDERLAND,TYNE AND WEAR,A,A
{7A99F89E-7D81-4E45-ABD5-566E49A045EA},56500,1995-01-13 00:00,CO6 1SQ,T,N,F,19,,BRICK KILN CLOSE,COGGESHALL,COLCHESTER,BRAINTREE,ESSEX,A,A
{28225260-E61C-4E57-8B56-566E5285B1C1},58000,1995-07-28 00:00,B90 4TG,T,N,F,37,,RAINSBROOK DRIVE,SHIRLEY,SOLIHULL,SOLIHULL,WEST MIDLANDS,A,A
{444D34D7-9BA6-43A7-B695-4F48980E0176},51000,1995-06-28 00:00,DY5 1SA,S,N,F,59,,MERRY HILL,BRIERLEY HILL,BRIERLEY HILL,DUDLEY,WEST MIDLANDS,A,A
{AE76CAF1-F8CC-43F9-8F63-4F48A2857D41},17000,1995-03-10 00:00,S65 1QJ,T,N,L,22,,DENMAN STREET,ROTHERHAM,ROTHERHAM,ROTHERHAM,SOUTH YORKSHIRE,A,A
{709FB471-3690-4945-A9D6-4F48CE65AAB6},58000,1995-04-28 00:00,PE7 3AL,D,Y,F,4,,BROOK LANE,FARCET,PETERBOROUGH,PETERBOROUGH,CAMBRIDGESHIRE,A,A
{5FA8692E-537B-4278-8C67-5A060540506D},19500,1995-01-27 00:00,SK10 2QW,T,N,L,38,,GARDEN STREET,MACCLESFIELD,MACCLESFIELD,MACCLESFIELD,CHESHIRE,A,A
{E78710AD-ED1A-4B11-AB99-5A0614D519AD},20000,1995-01-16 00:00,SA6 5AY,D,N,F,592,,CLYDACH ROAD,YNYSTAWE,SWANSEA,SWANSEA,SWANSEA,A,A
{1DFBF83E-53A7-4813-A37C-5A06247A09A8},137500,1995-03-31 00:00,NR2 2NQ,D,N,F,26,,LIME TREE ROAD,NORWICH,NORWICH,NORWICH,NORFOLK,A,A
{BCD607D8-7698-4C5A-97D8-52EB0A6ED632},57500,1995-12-20 00:00,WS6 7BQ,D,N,F,6,,MERRILL CLOSE,WALSALL,WALSALL,SOUTH STAFFORDSHIRE,STAFFORDSHIRE,A,A
{461BAE3D-DD53-40C1-BE48-52EB1511C5F3},70000,1995-09-20 00:00,GL52 3LH,D,N,F,139B,,NEW BARN LANE,CHELTENHAM,CHELTENHAM,CHELTENHAM,GLOUCESTERSHIRE,A,A
{003DB740-4F22-46E5-AD3C-52EB15407DE5},62750,1995-10-02 00:00,BR3 4AT,T,N,F,56,,EDEN ROAD,BECKENHAM,BECKENHAM,BROMLEY,GREATER LONDON,A,A
{7BC20813-4C02-4F18-950E-4F48FBBE569B},35000,1995-07-25 00:00,L9 6DZ,T,N,L,25,,TILSTON CLOSE,LIVERPOOL,LIVERPOOL,LIVERPOOL,MERSEYSIDE,A,A
{8B5FB0C0-01CF-4584-9777-4F4908B02FEA},78000,1995-09-29 00:00,SW16 3BL,S,N,F,208,,GREEN LANE,LONDON,LONDON,CROYDON,GREATER LONDON,A,A
{38008828-F33E-4F54-927C-4BB90B83248E},51000,1995-10-31 00:00,UB5 5LH,S,N,F,57,,BENGARTH ROAD,NORTHOLT,NORTHOLT,EALING,GREATER LONDON,A,A
{E104A9E7-1D6A-4D7F-B24F-5A064FCE6917},36500,1995-06-09 00:00,FY4 1DL,F,N,L,CLARENCE COURT,28,RAWCLIFFE STREET,BLACKPOOL,BLACKPOOL,BLACKPOOL,BLACKPOOL,A,A
{8982E939-2927-457E-B695-5A066720BF59},41000,1995-02-10 00:00,NE45 5AP,T,N,F,21,,FRONT STREET,CORBRIDGE,CORBRIDGE,TYNEDALE,NORTHUMBERLAND,A,A
{C6AC299D-A75A-481D-BE03-5A06749177E3},100000,1995-09-29 00:00,WR5 3EU,D,N,F,8,,BARNESHALL AVENUE,WORCESTER,WORCESTER,WORCESTER,WORCESTERSHIRE,A,A
{EAFDBDAA-0C4D-4A9B-8CA2-5A06776A1BBB},123000,1995-09-05 00:00,NG34 7TF,D,Y,F,5,,CLAY HILL ROAD,SLEAFORD,SLEAFORD,NORTH KESTEVEN,LINCOLNSHIRE,A,A
{3A947F9C-D5C3-4178-8382-566E952D20A1},47000,1995-10-30 00:00,BS15 9UR,S,N,F,9,,AMBLE CLOSE,BRISTOL,BRISTOL,KINGSWOOD,AVON,A,A
{EFC499C5-9329-46AF-92FA-4F492E0A8BC3},58000,1995-11-23 00:00,SN6 8LH,S,N,F,THYME COTTAGE,,,IDSTONE,SWINDON,VALE OF WHITE HORSE,OXFORDSHIRE,A,A
{6D414E04-656D-41AB-98F0-4F493154CE27},85000,1995-06-09 00:00,KT16 8DW,S,N,F,40,,EASTWORTH ROAD,CHERTSEY,CHERTSEY,RUNNYMEDE,SURREY,A,A
{2AF070FA-D882-4A62-9ABD-4F494D410DB1},38000,1995-08-31 00:00,LU2 7LZ,S,N,F,36,,HERON DRIVE,LUTON,LUTON,LUTON,LUTON,A,A
{C523325E-95AA-46B7-BDB0-4F496345D6DB},49000,1995-04-20 00:00,M40 5SA,S,N,L,41,,NINA DRIVE,MANCHESTER,MANCHESTER,MANCHESTER,GREATER MANCHESTER,A,A
{245992BA-92D4-4529-B5AD-4BB942B6F435},56500,1995-04-20 00:00,BN3 5AG,T,N,F,15,,SHAKESPEARE STREET,HOVE,HOVE,HOVE,EAST SUSSEX,A,A
{444EAAD2-A559-4847-9A33-5A06847257AF},94500,1995-06-01 00:00,LE65 1HF,D,Y,F,8,,KELSO CLOSE,ASHBY-DE-LA-ZOUCH,ASHBY-DE-LA-ZOUCH,NORTH WEST LEICESTERSHIRE,LEICESTERSHIRE,A,A
{852368A9-09D6-4BA6-B33A-5A068BAD2D48},89000,1995-11-24 00:00,B75 5PG,D,N,F,28,,SLADE ROAD,SUTTON COLDFIELD,SUTTON COLDFIELD,BIRMINGHAM,WEST MIDLANDS,A,A
{CB70FDBB-49CC-412F-911C-5A069B724EE2},110000,1995-12-21 00:00,BS15 3HH,D,N,F,148,,HIGH STREET,HANHAM,BRISTOL,KINGSWOOD,AVON,A,A
{2A9D6B70-FC5D-46A1-A8EF-5A06AF633839},51000,1995-02-17 00:00,NN15 6UQ,S,N,F,80,,GOTCH ROAD,BARTON SEAGRAVE,KETTERING,KETTERING,NORTHAMPTONSHIRE,A,A
{8A29BA7B-5CCB-4765-AD26-52EB50A952D2},190000,1995-08-15 00:00,HP8 4HN,D,N,F,64,,KINGS ROAD,CHALFONT ST. GILES,CHALFONT ST. GILES,CHILTERN,BUCKINGHAMSHIRE,A,A
{D59CF71F-351B-4F86-8BCE-52EB5223D74E},405000,1995-04-07 00:00,N1 2JU,S,N,F,49,,CANONBURY PARK NORTH,LONDON,LONDON,ISLINGTON,GREATER LONDON,A,A
{587A34DD-53EA-4A59-81AB-4F496EE2E215},49135,1995-12-20 00:00,DE56 0HA,T,Y,F,5,,WALCOTE CLOSE,BELPER,BELPER,AMBER VALLEY,DERBYSHIRE,A,A
{C2950A84-E385-46C3-AAC3-4F498A1E6857},265000,1995-02-24 00:00,BS9 3EB,D,Y,F,32,,HOLMWOOD GARDENS,BRISTOL,BRISTOL,BRISTOL,AVON,A,A
{023A70F5-2012-4AC8-B9AE-4F498D709D76},89950,1995-04-28 00:00,HR1 1QB,D,Y,F,2,,MUIRFIELD CLOSE,HOLMER,HEREFORD,HEREFORD,HEREFORD AND WORCESTER,A,A
{4AB9B105-8E30-446E-A3DD-4F4992828E8F},89500,1995-07-14 00:00,OX7 5RL,S,N,F,1,,SUNNYBANK,GREAT ROLLRIGHT,CHIPPING NORTON,WEST OXFORDSHIRE,OXFORDSHIRE,A,A
{E16FC4AF-A8AC-4444-8197-4F49998FD94B},64000,1995-11-23 00:00,CT16 3JQ,T,N,F,34,,BEAUXFIELD,WHITFIELD,DOVER,DOVER,KENT,A,A
{748F870E-C337-4015-B5A3-4F499C6DDB0E},74000,1995-01-12 00:00,RH2 9NF,F,Y,L,"SOMERS PLACE, 83 - 85",FLAT 21,REIGATE HILL,REIGATE,REIGATE,REIGATE AND BANSTEAD,SURREY,A,A
{D361CD4D-D4A9-4464-BD49-4F49A0E6CB96},53000,1995-06-30 00:00,OL9 9QY,S,N,L,238,,BROADWAY,CHADDERTON,OLDHAM,OLDHAM,GREATER MANCHESTER,A,A
{470081E3-FA40-41ED-9F50-4BB9886B36D8},48000,1995-11-03 00:00,NG25 0DS,S,N,F,54,,NORWOOD GARDENS,SOUTHWELL,SOUTHWELL,NEWARK AND SHERWOOD,NOTTINGHAMSHIRE,A,A
{DF84D109-FD70-4E0B-A664-5A06B7E79E48},52000,1995-08-18 00:00,BA16 0JN,T,N,F,24,,PARK ROAD,STREET,STREET,MENDIP,SOMERSET,A,A
{587DF24E-FF43-4F1E-A5EF-5A06BBD7C6B3},69250,1995-12-08 00:00,CV7 7DB,S,N,F,15,,BENTON GREEN LANE,BERKSWELL,COVENTRY,SOLIHULL,WEST MIDLANDS,A,A
{A684561B-E2E7-4DF3-9E77-52EB66FBBB2A},13000,1995-04-07 00:00,CT9 1XR,F,N,L,ARLINGTON HOUSE,FLAT 7A,ALL SAINTS AVENUE,MARGATE,MARGATE,THANET,KENT,A,A
{B6920D14-4B8B-47AB-87A7-52EB704F7C53},59500,1995-08-31 00:00,ME5 8JF,D,N,F,4,,POACHERS CLOSE,CHATHAM,CHATHAM,MAIDSTONE,KENT,A,A
{423503FA-FD8E-48FA-B802-52EB754A859B},37500,1995-05-12 00:00,S6 5PN,D,N,L,108,,ROSCOE BANK,SHEFFIELD,SHEFFIELD,SHEFFIELD,SOUTH YORKSHIRE,A,A
{E0E6BD5F-4B1C-43A4-B543-566EAFF09293},43000,1995-02-24 00:00,SK3 0NN,T,N,F,12,,DANE AVENUE,STOCKPORT,STOCKPORT,STOCKPORT,GREATER MANCHESTER,A,A
{C876BED7-6074-418D-8CFB-566EB51C071E},132000,1995-08-21 00:00,LE9 8DA,D,N,F,WHITE HOUSE COTTAGE,,BARWELL LANE,BARWELL,LEICESTER,HINCKLEY AND BOSWORTH,LEICESTERSHIRE,A,A
{6F007DB4-BD91-4487-99EC-566ED3B9CBAA},18000,1995-03-17 00:00,HU8 0PS,T,N,F,16,,BROCKLEY CLOSE,HULL,HULL,KINGSTON UPON HULL,HUMBERSIDE,A,A
{D5E86B66-DF72-489A-8B1B-4F49AA3AEC98},60000,1995-12-21 00:00,IG1 1PP,T,N,F,209,,HAMPTON ROAD,ILFORD,ILFORD,REDBRIDGE,GREATER LONDON,A,A
{3DAA73FB-713D-44EA-A500-4F49B450F4F1},29950,1995-03-31 00:00,BH1 4BD,F,N,L,"BROOKLYN COURT, 476",FLAT 1,CHRISTCHURCH ROAD,BOURNEMOUTH,BOURNEMOUTH,BOURNEMOUTH,BOURNEMOUTH,A,A
{DF6B2C2B-97E0-4E7D-913F-4F49BCC6807E},44000,1995-08-31 00:00,GU14 0DL,S,N,F,179,,KEITH LUCAS ROAD,FARNBOROUGH,FARNBOROUGH,RUSHMOOR,HAMPSHIRE,A,A
{34EE0B34-468D-4668-9D2A-4F49DADC9C8B},67000,1995-04-24 00:00,SW17 0DF,T,N,F,80,,KENLOR ROAD,LONDON,LONDON,WANDSWORTH,GREATER LONDON,A,A
{EC431CA3-D077-41E6-A79A-4BB9C4449365},84350,1995-05-26 00:00,PO21 4AX,D,N,F,5,,OLD FARM CLOSE,BOGNOR REGIS,BOGNOR REGIS,ARUN,WEST SUSSEX,A,A
{C43B6257-516D-495C-8887-4BB9E2A63946},44750,1995-12-20 00:00,NP12 1FS,S,Y,F,26,,NEWFOUNDLAND WAY,BLACKWOOD,BLACKWOOD,ISLWYN,GWENT,A,A
{81FC429F-840B-4512-A423-5A06EEFEC48A},12000,1995-06-30 00:00,ST10 1BG,T,N,F,23,,TAPE STREET,CHEADLE,STOKE-ON-TRENT,STAFFORDSHIRE MOORLANDS,STAFFORDSHIRE,A,A
{E58774C2-3011-484A-B631-5A06F3FB5BC9},102500,1995-09-28 00:00,NG2 6RP,D,Y,F,9,,THIRLMERE,WEST BRIDGFORD,NOTTINGHAM,RUSHCLIFFE,NOTTINGHAMSHIRE,A,A
{F2029837-42C7-4B68-BAAA-5A0704E7F9D0},92500,1995-07-27 00:00,RG6 4JT,D,N,F,14,,EBBORN SQUARE,LOWER EARLEY,READING,WOKINGHAM,WOKINGHAM,A,A
{7C2D8FDD-9991-4836-8C50-5A070FE4C1A1},12000,1995-11-09 00:00,NP19 7AQ,T,N,F,18,,LLANVAIR ROAD,NEWPORT,NEWPORT,NEWPORT,NEWPORT,A,A
{EF030333-F095-4945-88F1-5A07103A3EFF},68000,1995-02-10 00:00,PR4 6DA,D,N,F,35,,HOWARD DRIVE,TARLETON,PRESTON,WEST LANCASHIRE,LANCASHIRE,A,A
{E71CEB59-0E5A-412C-98AA-52EBA6A1DCD6},100000,1995-04-27 00:00,N3 2SG,S,N,F,184,,STATION ROAD,LONDON,LONDON,BARNET,GREATER LONDON,A,A
{364C4394-F0E8-42DB-A863-52EBB11D08CD},90000,1995-07-26 00:00,N7 8AD,T,N,F,49,,WESTBOURNE ROAD,LONDON,LONDON,ISLINGTON,GREATER LONDON,A,A
{F6E28EDB-2038-498B-BBD1-52EBB6DC7FF1},66500,1995-10-25 00:00,RG8 0EA,T,N,F,1,,ELVENDON ROAD,GORING,READING,SOUTH OXFORDSHIRE,OXFORDSHIRE,A,A
{21C18B10-142D-447D-A768-52EBD8EC3080},67000,1995-09-26 00:00,ST3 7UP,D,N,F,16,,SEATON CLOSE,STOKE-ON-TRENT,STOKE-ON-TRENT,STOKE-ON-TRENT,STOKE-ON-TRENT,A,A
{5CF02C57-E64F-4478-8213-4F49FB5B7B19},84000,1995-08-21 00:00,IP5 1JN,D,N,F,100,,BELL LANE,KESGRAVE,IPSWICH,SUFFOLK COASTAL,SUFFOLK,A,A
{CA74F83D-AB99-49B9-B744-4BB9FBC98197},34000,1995-01-16 00:00,M35 0GB,T,N,L,6,,SPRINGFIELD CLOSE,FAILSWORTH,MANCHESTER,OLDHAM,GREATER MANCHESTER,A,A
{3F22B47C-2073-40D9-9DB6-4BBA0E4F2144},100000,1995-11-17 00:00,SS8 9FD,D,N,F,19,,CASTLE VIEW ROAD,CANVEY ISLAND,CANVEY ISLAND,CASTLE POINT,ESSEX,A,A
{A1794CE7-9E00-4B96-ACFF-4BBA22FE27A6},45000,1995-05-05 00:00,SS9 3JP,D,N,F,1055,,LONDON ROAD,LEIGH-ON-SEA,LEIGH-ON-SEA,SOUTHEND-ON-SEA,SOUTHEND-ON-SEA,A,A
{FBF22370-135F-4187-88C0-566EF7A09678},25000,1995-07-27 00:00,NR34 9DS,T,N,F,11,,CAXTON ROAD,BECCLES,BECCLES,WAVENEY,SUFFOLK,A,A
{588E4E3B-F255-46A2-B93C-566F3199AE5A},58000,1995-03-17 00:00,ME12 4RA,S,N,F,14,,SEAVIEW AVENUE,LEYSDOWN ON SEA,SHEERNESS,SWALE,KENT,A,A
{9A23C324-5AA1-4AA0-BD1A-4F4A3F7B18C1},89250,1995-09-19 00:00,N7 7PS,T,N,F,36B,,BERRIMAN ROAD,,LONDON,ISLINGTON,GREATER LONDON,A,A
{274A23FB-B525-4361-97DD-4F4A5E874E8F},41495,1995-07-07 00:00,CB9 0NB,T,Y,F,25,,STOCKLEY CLOSE,HAVERHILL,HAVERHILL,ST EDMUNDSBURY,SUFFOLK,A,A
{DAA803B9-907E-4052-8D14-4F4A600C4BE5},185587,1995-04-28 00:00,SL6 1XD,D,N,F,5,,CHEVIOT CLOSE,MAIDENHEAD,MAIDENHEAD,WINDSOR AND MAIDENHEAD,WINDSOR AND MAIDENHEAD,A,A
{DDD5D9F1-A0DF-4AC9-8613-4F4A623AD2A7},180000,1995-06-01 00:00,SM2 5JB,D,N,F,104,,UPLAND ROAD,SUTTON,SUTTON,SUTTON,GREATER LONDON,A,A
{BA12EE6C-B9E2-43ED-9F74-4F4A6CFF79A3},26500,1995-12-11 00:00,BS23 3DT,F,N,L,"ASHCOMBE COURT, 43",FLAT 8,ASHCOMBE ROAD,WESTON-SUPER-MARE,WESTON-SUPER-MARE,WOODSPRING,AVON,A,A
{F890AC1D-5DA5-413B-B395-5A076BCA1172},59995,1995-12-15 00:00,HU17 8TT,T,Y,F,7,,DALE GATE,BISHOP BURTON,BEVERLEY,THE EAST YORKSHIRE BOROUGH OF BEVERLEY,HUMBERSIDE,A,A
{253D841B-48B1-4B60-93EE-52EBF206753F},105000,1995-09-29 00:00,TS22 5QG,D,Y,F,44,,THE GRANARY,WYNYARD,BILLINGHAM,STOCKTON-ON-TEES,STOCKTON-ON-TEES,A,A
{C821B448-0240-4C9A-A84F-52EBF42AF556},90000,1995-04-13 00:00,YO18 7JT,D,N,F,21,,MARSHALL DRIVE,PICKERING,PICKERING,RYEDALE,NORTH YORKSHIRE,A,A
{DB6639FF-5498-40DE-9F95-52EBF59E103B},140000,1995-07-14 00:00,WN7 3UA,S,N,L,144,,ST HELENS ROAD,LEIGH,LEIGH,WIGAN,GREATER MANCHESTER,A,A
{DE0451DB-9F7E-4855-B4E8-52EBF976A6CE},45950,1995-06-16 00:00,NG19 7PU,D,N,F,LOXLEY,,TERRACE LANE,PLEASLEY,MANSFIELD,BOLSOVER,DERBYSHIRE,A,A
{860B3E41-2695-4040-9B49-52EBFFCB2C3A},41000,1995-05-31 00:00,BN2 9ZN,S,N,F,5,,HALLETT ROAD,BRIGHTON,BRIGHTON,BRIGHTON,EAST SUSSEX,A,A
{41139A1D-8274-4480-9778-52EC00FD3393},28500,1995-07-28 00:00,M19 2GQ,T,N,F,7,,HENDERSON STREET,MANCHESTER,MANCHESTER,MANCHESTER,GREATER MANCHESTER,A,A
{C443EFCB-FFAE-4159-BFD3-52EC0A35A328},49000,1995-12-08 00:00,YO8 9AD,S,N,F,27,,COURTNEYS,,SELBY,SELBY,NORTH YORKSHIRE,A,A
{7B6A5F36-E192-438B-98DE-52EC1549714D},160000,1995-08-25 00:00,NN6 8AE,S,N,F,3,,NORTHAMPTON ROAD,CHAPEL BRAMPTON,NORTHAMPTON,DAVENTRY,NORTHAMPTONSHIRE,A,A
{98F9D70B-4104-4A0A-B20F-52EC19B7B903},59500,1995-12-15 00:00,HX2 0PA,S,N,F,1,,GLEANINGS DRIVE,HALIFAX,HALIFAX,CALDERDALE,WEST YORKSHIRE,A,A
{80C4B273-AD08-40FC-AD74-5A077A81EEA8},74500,1995-02-28 00:00,CV11 6SB,D,N,F,18,,CHATSWORTH DRIVE,NUNEATON,NUNEATON,NUNEATON AND BEDWORTH,WARWICKSHIRE,A,A
{66B26805-7C71-42ED-B346-5A0787EEAB0B},89950,1995-12-21 00:00,LE7 1YT,D,Y,F,43,,BLACKTHORN DRIVE,SYSTON,LEICESTER,CHARNWOOD,LEICESTERSHIRE,A,A
{4C4372D5-E9AA-4273-BA9B-5A078B374BAB},50000,1995-02-24 00:00,NG16 2BL,D,N,F,31,,VIOLET AVENUE,NEWTHORPE,NOTTINGHAM,BROXTOWE,NOTTINGHAMSHIRE,A,A
{00409AAE-4459-4A78-9C60-5A079DB64477},33500,1995-10-16 00:00,SY11 2XY,S,N,F,38,,ASTON WAY,OSWESTRY,OSWESTRY,OSWESTRY,SHROPSHIRE,A,A
{31D839CF-4555-4128-ABE2-5A07A0B18E81},46950,1995-07-14 00:00,NE32 5XQ,T,N,F,22,,REGENT ROAD,JARROW,JARROW,SOUTH TYNESIDE,TYNE AND WEAR,A,A
{F34F29AD-E272-4EA3-9842-4BBA859D31A3},170000,1995-11-29 00:00,LL12 0GD,D,Y,F,6,,THE COPSE,ROSSETT,WREXHAM,WREXHAM,WREXHAM,A,A
{E7284628-9A13-4CD0-BB7B-4BBA94889D00},59950,1995-08-04 00:00,OX44 7TN,S,N,F,7,,GRAYS CLOSE,CHALGROVE,OXFORD,SOUTH OXFORDSHIRE,OXFORDSHIRE,A,A
{BC0E8F24-6650-4101-BAB7-4BBA9947568E},51000,1995-12-13 00:00,B78 3QY,F,N,L,40,,EVANS CROFT,FAZELEY,TAMWORTH,LICHFIELD,STAFFORDSHIRE,A,A
{F727A458-50F7-4C65-A5CA-52EC2D2981C5},86500,1995-10-13 00:00,UB9 6HF,T,N,F,9,,ANDERSON CLOSE,HAREFIELD,UXBRIDGE,HILLINGDON,GREATER LONDON,A,A
{E3E7A54C-E2B1-4FE7-9C32-52EC36168C77},52000,1995-07-03 00:00,SE8 5AN,F,Y,L,CHESTER COURT,22,TRUNDLEYS ROAD,LONDON,LONDON,LEWISHAM,GREATER LONDON,A,A
{0C001F82-D543-4C26-95A4-52EC5DC9AD9A},60000,1995-10-18 00:00,EN10 6NZ,T,N,F,9,,FERN CLOSE,BROXBOURNE,BROXBOURNE,BROXBOURNE,HERTFORDSHIRE,A,A
{B95F9615-E0D0-4F33-BE5B-52EC63D66AC6},140000,1995-02-15 00:00,KT11 2LF,S,N,F,3,,LEIGH ROAD,COBHAM,COBHAM,ELMBRIDGE,SURREY,A,A
{BFB7C667-8DAC-4F74-AEFB-566F466C8E85},10000,1995-10-19 00:00,L20 4PL,T,N,L,109,,MOORE STREET,BOOTLE,BOOTLE,SEFTON,MERSEYSIDE,A,A
{FCBF7A10-DB5B-40C9-8832-566F61481F8C},64000,1995-09-07 00:00,PO4 9BH,T,N,F,14,,ASTON ROAD,SOUTHSEA,SOUTHSEA,PORTSMOUTH,PORTSMOUTH,A,A
{BABF84E4-4005-4D88-B049-4F4AACE24B29},38950,1995-03-17 00:00,CF63 1HA,T,N,L,13,,DOVEDALE STREET,BARRY,BARRY,VALE OF GLAMORGAN,SOUTH GLAMORGAN,A,A
{2F8AE4D2-6AB6-4F95-B816-4F4AB0A8E445},45000,1995-02-03 00:00,B28 0UL,S,N,F,54,,SANDGATE ROAD,BIRMINGHAM,BIRMINGHAM,BIRMINGHAM,WEST MIDLANDS,A,A
{41001B4C-FEF9-4C34-9496-4F4AB3213F1B},120000,1995-07-24 00:00,LE12 6TU,D,N,F,18,,BROOK STREET,WYMESWOLD,LOUGHBOROUGH,CHARNWOOD,LEICESTERSHIRE,A,A
{92FA5D75-1550-4E65-BF3B-4F4AB3298258},56000,1995-04-10 00:00,GU12 4PH,T,N,F,51,,NEWPORT ROAD,ALDERSHOT,ALDERSHOT,RUSHMOOR,HAMPSHIRE,A,A
{55225AB5-7B79-464E-A052-4F4AB9B84EA7},20000,1995-04-20 00:00,PE1 4UR,T,N,F,265,,REDMILE WALK,WELLAND,PETERBOROUGH,PETERBOROUGH,CAMBRIDGESHIRE,A,A
{8AD9EA78-4AAF-4FBA-B130-4F4AD2A909BE},65250,1995-11-28 00:00,CM9 6GA,T,Y,F,37,,POULTON CLOSE,MALDON,MALDON,MALDON,ESSEX,A,A
{2EAE2A82-29CE-43D2-8503-4F4ADE96D3EC},25000,1995-03-31 00:00,NN14 1BN,T,N,F,28,,STOREFIELD COTTAGES,KETTERING,KETTERING,KETTERING,NORTHAMPTONSHIRE,A,A
{3CA141DD-8A98-439F-BBEB-4F4AE96250C9},53000,1995-10-05 00:00,BR2 9RP,F,Y,L,7A,,ADDISON ROAD,BROMLEY,BROMLEY,BROMLEY,GREATER LONDON,A,A
{7FF5CA89-7D83-4A7E-A8FC-5A07B81E558C},63500,1995-04-21 00:00,NG24 4RX,D,N,F,2,,THE HOLT,NEWARK,NEWARK,NEWARK AND SHERWOOD,NOTTINGHAMSHIRE,A,A
{B1AAC4DD-1591-4759-8CC1-5A07C6251514},46000,1995-03-07 00:00,IP20 9EY,T,N,F,21,,MALTINGS DRIVE,HARLESTON,HARLESTON,SOUTH NORFOLK,NORFOLK,A,A
{1623E062-567C-4BAA-8308-5A07D1BA06F7},50500,1995-09-15 00:00,SW16 4UF,T,N,F,76,,LYNDHURST AVENUE,LONDON,LONDON,MERTON,GREATER LONDON,A,A
{EBE749FB-9F1F-4883-9522-5A07D34A71BD},79500,1995-02-24 00:00,DE15 9GW,D,Y,F,39,,WETHEREL ROAD,BURTON-ON-TRENT,BURTON-ON-TRENT,EAST STAFFORDSHIRE,STAFFORDSHIRE,A,A
{3D9E01C9-DAAE-4ACE-8639-5A07EABB7FB3},37995,1995-12-08 00:00,S60 5PH,S,N,F,4,,LYNCROFT CLOSE,BRINSWORTH,ROTHERHAM,ROTHERHAM,SOUTH YORKSHIRE,A,A
{9EFD4B49-30C6-483F-8B65-4BBAAA954638},20000,1995-08-11 00:00,PO32 6SA,T,N,F,20,,ALFRED STREET,EAST COWES,EAST COWES,ISLE OF WIGHT,ISLE OF WIGHT,A,A
{568F049B-AE1F-4FEF-B0D8-4BBAAC676827},59950,1995-10-27 00:00,SO30 2RP,S,Y,F,30,,BRITANNIA GARDENS,HEDGE END,SOUTHAMPTON,EASTLEIGH,HAMPSHIRE,A,A
{95ACA5B3-959F-431A-B719-4BBAC5F76BC8},620000,1995-09-01 00:00,SW15 2NU,T,N,F,77,,DEODAR ROAD,LONDON,LONDON,WANDSWORTH,GREATER LONDON,A,A
{453F010D-C91E-494F-8BAE-4BBAC675F14B},65000,1995-02-28 00:00,CV10 7RY,D,Y,F,41,,MONTANA WALK,NUNEATON,NUNEATON,NUNEATON AND BEDWORTH,WARWICKSHIRE,A,A
{CE2D5684-8448-4C78-B4DD-4BBAC768EACF},15000,1995-07-05 00:00,BH1 4HF,F,N,L,8 - 10,FLAT 5,AYLESBURY ROAD,BOURNEMOUTH,BOURNEMOUTH,BOURNEMOUTH,BOURNEMOUTH,A,A
{809BB526-A3BE-4D1A-8CB2-4BBAD98A5B6C},46888,1995-03-10 00:00,TN23 3NH,S,Y,F,19,,CORNER FIELD,KINGSNORTH,ASHFORD,MAIDSTONE,KENT,A,A
{14AD57F6-4B06-4400-846B-4BBADFCF3A2C},83780,1995-06-30 00:00,YO32 5RU,D,Y,F,11,,SHELLY DRIVE,STRENSALL,YORK,RYEDALE,NORTH YORKSHIRE,A,A
{E10CC0E3-C7F0-43EF-9FC4-4BBAE20AAF8A},57995,1995-11-10 00:00,SO19 9PE,T,Y,F,2,,BEVAN CLOSE,SOUTHAMPTON,SOUTHAMPTON,SOUTHAMPTON,SOUTHAMPTON,A,A
{B77F3472-FF7C-4F03-97C3-5A080E703877},35500,1995-05-19 00:00,DY11 6NB,T,N,F,THYME COTTAGE,,HEMMING STREET,KIDDERMINSTER,KIDDERMINSTER,WYRE FOREST,WORCESTERSHIRE,A,A
{E35BBF43-049C-44C3-8FFE-5A08183602E2},24500,1995-01-04 00:00,NE6 2TE,T,N,F,75,,BIRDS NEST ROAD,NEWCASTLE UPON TYNE,NEWCASTLE UPON TYNE,NEWCASTLE UPON TYNE,TYNE AND WEAR,A,A
{DB5A85B7-A926-4D6B-8CDB-5A082744E059},55000,1995-03-10 00:00,KT23 3AH,F,Y,L,5,,BENNETTS FARM PLACE,BOOKHAM,LEATHERHEAD,MOLE VALLEY,SURREY,A,A
{D838CE92-8328-429A-B1F6-5A0827455B34},41000,1995-11-10 00:00,NE16 5TA,F,N,L,49,,WANSFORD WAY,WHICKHAM,NEWCASTLE UPON TYNE,GATESHEAD,TYNE AND WEAR,A,A
{76692344-40CC-43A3-B50F-5A083364D583},82000,1995-08-11 00:00,AL1 5BE,T,N,F,31,,GRANVILLE ROAD,ST. ALBANS,ST. ALBANS,ST ALBANS,HERTFORDSHIRE,A,A
{7D1A5FFF-41BD-4DEA-91D7-52EC96FED908},110000,1995-07-27 00:00,RM16 6QH,D,Y,F,30,,CATHARINE CLOSE,CHAFFORD HUNDRED,GRAYS,THURROCK,THURROCK,A,A
{C99644A1-BFD4-4072-A38D-52ECBBE2131C},64000,1995-05-12 00:00,NE12 7LJ,T,N,F,11,,WHITFIELD ROAD,FOREST HALL,NEWCASTLE UPON TYNE,NEWCASTLE UPON TYNE,TYNE AND WEAR,A,A
{01B4EE28-80F8-4C54-8DD7-52ECC485E9E6},15000,1995-03-20 00:00,EX4 6DB,T,N,F,35,,PENNSYLVANIA ROAD,EXETER,EXETER,EXETER,DEVON,A,A
{122F20BE-8F6D-4B0F-A2AC-566F79775C0A},61500,1995-09-05 00:00,IP11 7LE,F,Y,L,3C,,HIGH BEACH,FELIXSTOWE,FELIXSTOWE,SUFFOLK COASTAL,SUFFOLK,A,A
{1855988B-FB14-4591-B1D6-566F80A6F647},59995,1995-05-26 00:00,GL4 5XP,D,N,F,31,,DRIVEMOOR,ABBEYDALE,GLOUCESTER,GLOUCESTER,GLOUCESTERSHIRE,A,A
{38CDEBC2-583C-40FE-AF19-566F8362DE31},72000,1995-06-02 00:00,RM12 5BT,S,N,F,79,,CORONATION DRIVE,HORNCHURCH,HORNCHURCH,HAVERING,GREATER LONDON,A,A
{EE33D787-F547-419F-93F7-566F908A7F59},113500,1995-09-06 00:00,BS36 2BB,D,N,F,12,,CHURCH CLOSE,FRAMPTON COTTERELL,BRISTOL,NORTHAVON,AVON,A,A
{D0E0948D-0047-42E7-A6D3-566F9CCD7C17},124500,1995-08-24 00:00,RH14 9SD,D,Y,F,7,,HIGH SEAT GARDENS,BILLINGSHURST,BILLINGSHURST,HORSHAM,WEST SUSSEX,A,A
{DC7F2590-70EE-47A7-8047-4F4AFC3D46D3},55000,1995-07-07 00:00,GL1 5BY,S,N,F,23,,CENTRAL ROAD,GLOUCESTER,GLOUCESTER,GLOUCESTER,GLOUCESTERSHIRE,A,A
{D8DC0057-C292-4177-97D6-4F4B23C16C01},62500,1995-08-25 00:00,EX39 1HQ,D,N,F,10,,BEACH ROAD,WESTWARD HO,BIDEFORD,TORRIDGE,DEVON,A,A
{054248E1-9264-4F2C-9D64-4F4B25B98AEA},92000,1995-12-22 00:00,RG28 7LY,S,N,F,62,,LONDON STREET,WHITCHURCH,WHITCHURCH,BASINGSTOKE AND DEANE,HAMPSHIRE,A,A
{C0C3B7A1-04FE-4714-8A9E-5A08489F677D},157000,1995-12-15 00:00,TW9 1UN,F,N,L,11,FLAT 1,SHEEN PARK,RICHMOND,RICHMOND,RICHMOND UPON THAMES,GREATER LONDON,A,A
{920BD07F-8FAB-4D72-BB30-5A0857664DE6},47000,1995-03-14 00:00,NN3 7UN,T,N,F,14,,PRINCE OF WALES ROW,MOULTON,NORTHAMPTON,DAVENTRY,NORTHAMPTONSHIRE,A,A
{F6EE4111-A464-45CB-88A9-5A08623CD6DB},100500,1995-09-25 00:00,TW11 9HX,F,N,L,"THE OLD VICARAGE, 2",FLAT 2,KINGSTON ROAD,TEDDINGTON,TEDDINGTON,RICHMOND UPON THAMES,GREATER LONDON,A,A
{622D7294-20A2-4DDB-B7C9-5A08738A259D},59500,1995-05-31 00:00,TN34 2RP,D,N,F,12,,WROTHAM CLOSE,HASTINGS,HASTINGS,HASTINGS,EAST SUSSEX,A,A
{69087C27-7DB5-457D-B756-52ECD6558CF5},161000,1995-03-10 00:00,GL53 9QY,D,N,F,THE BEECHES,,COBERLEY ROAD,COBERLEY,CHELTENHAM,COTSWOLD,GLOUCESTERSHIRE,A,A
{BAB8B182-F4F3-4B6F-B950-52ECE222FDC9},54000,1995-05-31 00:00,NN17 1YR,D,N,F,104,,CHARNWOOD ROAD,CORBY,CORBY,CORBY,NORTHAMPTONSHIRE,A,A
{83784B90-768A-4034-9CD0-52ED0B9AFB5D},49000,1995-04-28 00:00,SS1 3AH,F,N,L,3,,PLAS NEWYDD CLOSE,SOUTHEND-ON-SEA,SOUTHEND-ON-SEA,SOUTHEND-ON-SEA,SOUTHEND-ON-SEA,A,A
{00DD3434-A267-4487-8FCF-4F4B3855A71F},285000,1995-05-19 00:00,WV5 7DJ,D,N,F,ARCOT,,RUDGE HEATH ROAD,CLAVERLEY,WOLVERHAMPTON,BRIDGNORTH,SHROPSHIRE,A,A
{112275E1-3F92-45DE-BD89-4F4B5790F5EE},58500,1995-06-16 00:00,NG5 8AB,S,N,F,40,,HARWOOD CLOSE,ARNOLD,NOTTINGHAM,GEDLING,NOTTINGHAMSHIRE,A,A
{36546B8B-DA07-4798-AF0C-4BBB437EE4A5},73000,1995-07-21 00:00,BH6 5DS,D,N,F,29,,STAMFORD ROAD,BOURNEMOUTH,BOURNEMOUTH,BOURNEMOUTH,BOURNEMOUTH,A,A
{1FB1B4B4-E737-4892-B3FE-4BBB570A93A9},40000,1995-09-22 00:00,WA5 1AZ,T,N,L,60,,WELLFIELD STREET,WARRINGTON,WARRINGTON,WARRINGTON,WARRINGTON,A,A
{0269B83C-19B0-49E2-B5D7-566FCEE85B5E},41995,1995-06-09 00:00,S25 2TG,S,Y,F,38,,HUNTERS DRIVE,DINNINGTON,SHEFFIELD,ROTHERHAM,SOUTH YORKSHIRE,A,A
{E4A8F283-A028-4FED-A30E-566FE3B72B57},40500,1995-02-15 00:00,WA5 3EY,T,N,F,26,,GREENWAY,GREAT SANKEY,WARRINGTON,WARRINGTON,WARRINGTON,A,A
{30A8AD17-0A04-45E6-A3EE-567007EE533C},36500,1995-11-10 00:00,CO3 3AH,F,N,L,MALDON COURT,FLAT 228,MALDON ROAD,COLCHESTER,COLCHESTER,COLCHESTER,ESSEX,A,A
{01CBE267-C944-4F06-8104-56701C1BDDAB},45000,1995-11-10 00:00,RG12 8UE,T,N,F,59,,WINSCOMBE,BRACKNELL,BRACKNELL,BRACKNELL FOREST,BRACKNELL FOREST,A,A
{D476C0AD-7BE4-48E9-948A-4F4B806004CE},49000,1995-01-06 00:00,HP2 4QT,T,N,F,21,,HALESWOOD ROAD,HEMEL HEMPSTEAD,HEMEL HEMPSTEAD,DACORUM,HERTFORDSHIRE,A,A
{B79C45C6-8975-4735-B0AE-4F4B85CEB769},95000,1995-10-17 00:00,WC2H 8DN,F,N,L,30,FLAT 2,NEW COMPTON STREET,LONDON,LONDON,CAMDEN,GREATER LONDON,A,A
{AA0B3BCE-9A4B-4071-93B5-4F4B9070E417},45350,1995-12-21 00:00,MK6 2JD,S,Y,F,86,,OLDBROOK BOULEVARD,OLDBROOK,MILTON KEYNES,MILTON KEYNES,MILTON KEYNES,A,A
{852F273A-00CC-4D57-B1EF-4F4B9AB11C44},70580,1995-08-25 00:00,BN21 1RU,S,N,F,18,,CHAMBERLAIN ROAD,EASTBOURNE,EASTBOURNE,EASTBOURNE,EAST SUSSEX,A,A
{FB72C828-C66A-4BED-8F22-52ED139321F3},55000,1995-11-10 00:00,SE9 3EG,S,N,F,13,,WOODCROFT,LONDON,LONDON,GREENWICH,GREATER LONDON,A,A
{68BA9F61-4110-4D7D-8883-52ED14F3A99C},170000,1995-10-16 00:00,BS40 9XD,D,N,F,THE WHITE HOUSE,,POTTERS HILL,FELTON,BRISTOL,WOODSPRING,AVON,A,A
{EDC8553B-496D-4319-B8BA-4F4BCE13FB6E},157500,1995-02-10 00:00,CM3 2DT,D,N,F,FAIRHOLME,,STATION ROAD,HATFIELD PEVEREL,CHELMSFORD,BRAINTREE,ESSEX,A,A
{C61D74BC-F495-4102-84C3-4F4BE1127858},58000,1995-08-11 00:00,SG13 7SS,T,N,F,9,,EAGLE COURT,HERTFORD,HERTFORD,EAST HERTFORDSHIRE,HERTFORDSHIRE,A,A
{54CFAAEF-D13D-438B-922E-4F4BEEE133B7},42100,1995-10-03 00:00,L9 6EG,S,Y,L,11,,FOXGLOVE CLOSE,LIVERPOOL,LIVERPOOL,LIVERPOOL,MERSEYSIDE,A,A
{BC5EBD09-CE90-4F8E-B39D-4BBBBBB493FB},81500,1995-05-26 00:00,SE27 0LH,S,N,F,39,,GREENHURST ROAD,LONDON,LONDON,LAMBETH,GREATER LONDON,A,A
{52C06F86-0AD3-459F-B8D8-4BBBEC28D235},71500,1995-06-06 00:00,DE21 7SA,D,Y,F,14,,BRACKLEY DRIVE,SPONDON,DERBY,DERBY,DERBYSHIRE,A,A
{2DF7030C-7286-443D-BE52-5A08CC135E9E},76500,1995-07-25 00:00,HR4 8DB,D,N,F,41,,ST ANDREWS CLOSE,MORETON ON LUGG,HEREFORD,SOUTH HEREFORDSHIRE,HEREFORD AND WORCESTER,A,A
{498E7674-2501-40CD-9653-5A08CEFB675E},99000,1995-10-20 00:00,IG10 3ED,T,N,F,32,,RODING ROAD,LOUGHTON,LOUGHTON,EPPING FOREST,ESSEX,A,A
{AA19B5CB-771D-42BE-B536-5A08EA39A439},19500,1995-03-31 00:00,M9 5PL,T,N,F,29,,CLEVEDON STREET,MANCHESTER,MANCHESTER,MANCHESTER,GREATER MANCHESTER,A,A
{5BB0CD9E-7852-4156-838F-4F4BFAE6AEB8},28000,1995-08-11 00:00,NE24 3JS,S,N,F,19,,HUNTER AVENUE,BLYTH,BLYTH,BLYTH VALLEY,NORTHUMBERLAND,A,A
{E3BD8CC6-9F47-480C-9EDE-4F4BFBF446B0},74000,1995-02-28 00:00,RH10 7FZ,D,N,F,THYME COTTAGE,,JACOBEAN CLOSE,CRAWLEY,CRAWLEY,CRAWLEY,WEST SUSSEX,A,A
{D5E5B472-7C26-46EA-BBD3-4F4C02143061},85000,1995-12-12 00:00,PL9 8LR,D,N,F,18,,DOUGLAS DRIVE,PLYMOUTH,PLYMOUTH,PLYMOUTH,DEVON,A,A
{983D8A4A-E058-448F-919F-4F4C051B085E},41000,1995-01-26 00:00,TF3 5DB,S,N,F,8,,PORTOBELLO CLOSE,THE ROCK,TELFORD,THE WREKIN,SHROPSHIRE,A,A
{290E00AE-4FB6-43DD-935F-4F4C152CA8F7},48000,1995-08-04 00:00,HX3 5SZ,S,N,F,8,,NURSERY AVENUE,HALIFAX,HALIFAX,CALDERDALE,WEST YORKSHIRE,A,A
{A78E076E-65DD-47AC-B9D1-4F4C16DC9EE7},30000,1995-02-24 00:00,CA7 5BH,T,N,F,THE COTTAGE,,,BOWNESS ON SOLWAY,WIGTON,ALLERDALE,CUMBRIA,A,A
{B24E233C-EADF-48A2-9D2B-4BBBFE1ACA71},67000,1995-03-17 00:00,B60 2RE,S,Y,F,29,,CIRENCESTER CLOSE,BROMSGROVE,BROMSGROVE,BROMSGROVE,WORCESTERSHIRE,A,A
{1F40DCCA-B040-4748-8790-4BBC005869AC},29500,1995-11-06 00:00,B62 9HG,S,N,F,8,,HOLT ROAD,HALESOWEN,HALESOWEN,DUDLEY,WEST MIDLANDS,A,A
{E5CF8138-1CB5-4570-A9E9-4BBC0CC2A374},43000,1995-03-15 00:00,BN3 1FR,F,N,L,64,UPPER MAISONETTE,LANSDOWNE STREET,HOVE,HOVE,HOVE,EAST SUSSEX,A,A
{46BC1F20-81FB-41F0-9249-52ED78CE7DB3},85000,1995-05-15 00:00,ME15 7EB,D,N,F,26,,CRANBORNE AVENUE,MAIDSTONE,MAIDSTONE,MAIDSTONE,KENT,A,A
{ADA30C57-D3D0-476C-BA10-52ED7E0FABAA},56450,1995-09-22 00:00,EX1 2HL,T,N,F,4,,POLSLOE ROAD,EXETER,EXETER,EXETER,DEVON,A,A
{C863C1B6-1109-4230-A2AF-4F4C448EBE89},45950,1995-09-06 00:00,S40 4YF,S,Y,F,THYME COTTAGE,,OLD HOUSE ROAD,CHESTERFIELD,CHESTERFIELD,CHESTERFIELD,DERBYSHIRE,A,A
{B191F11E-39BD-4719-BEFE-4F4C482957A9},58500,1995-05-23 00:00,SE12 9EU,T,N,F,12,,DANESCOMBE,LONDON,LONDON,LEWISHAM,GREATER LONDON,A,A
{2966A525-7009-4564-BB99-4F4C4C08DA18},275000,1995-01-20 00:00,CR3 6BJ,D,Y,F,4,,PEPPER CLOSE,CATERHAM,CATERHAM,TANDRIDGE,SURREY,A,A
{1914C786-D5DE-4456-A3B5-4BBC46F15994},96500,1995-06-27 00:00,RM11 1PG,T,N,F,136,,GROSVENOR DRIVE,HORNCHURCH,HORNCHURCH,HAVERING,GREATER LONDON,A,A
{49FB2E2B-BB92-4F33-91C7-4BBC5258D662},50000,1995-05-19 00:00,B27 6RX,S,N,F,12,,HANBURY CROFT,BIRMINGHAM,BIRMINGHAM,BIRMINGHAM,WEST MIDLANDS,A,A
{49FB2E2B-BB92-4F33-91C7-4BBC5258D666},52000,1996-05-19 00:00,B27 6RX,S,N,F,12,,HANBURY CROFT,BIRMINGHAM,BIRMINGHAM,BIRMINGHAM,WEST MIDLANDS,A,A
{49FB2E2B-BB92-4F33-91C7-4BBC5258D777},53000,1997-05-19 00:00,B27 6RX,S,N,F,12,,HANBURY CROFT,BIRMINGHAM,BIRMINGHAM,BIRMINGHAM,WEST MIDLANDS,A,A
{93C464F7-EBF5-4C3E-AC1A-5A0900D8B93E},172500,1995-08-15 00:00,EX16 4NJ,D,N,F,BRIDGE BARN,,,TIVERTON,TIVERTON,MID DEVON,DEVON,A,A
{0D31E729-3D6B-47EA-B11A-5A0914A28452},140000,1995-07-31 00:00,B75 5TQ,D,N,F,10,,BRADWELL CROFT,SUTTON COLDFIELD,SUTTON COLDFIELD,BIRMINGHAM,WEST MIDLANDS,A,A
{0A296366-849D-450D-B6A1-5A092087302A},75000,1995-07-28 00:00,HP18 9AF,T,N,F,42,,HIGH STREET,LONG CRENDON,AYLESBURY,AYLESBURY VALE,BUCKINGHAMSHIRE,A,A
{AA6E8E0C-D3E1-429D-B6E7-5A093177D39D},31500,1995-08-29 00:00,PE1 3BS,S,N,F,24,,GILPIN STREET,PETERBOROUGH,PETERBOROUGH,PETERBOROUGH,CAMBRIDGESHIRE,A,A
{F5FD2C4A-B767-4458-95FD-56707EB3716E},132000,1995-08-25 00:00,GU20 6QD,D,N,F,13,,WINDMILL FIELD,WINDLESHAM,WINDLESHAM,SURREY HEATH,SURREY,A,A
{ABCCD2F7-9589-4916-841A-56708FCCEF98},155000,1995-08-25 00:00,NR27 0AN,D,N,F,"TUDOR VILLAS, 6",APARTMENT 3,CLIFF AVENUE,CROMER,CROMER,NORTH NORFOLK,NORFOLK,A,A
{E72F591B-3666-40B0-B66A-5670A3CA393B},45000,1995-11-14 00:00,YO11 3JP,S,N,F,75,,OSGODBY CRESCENT,SCARBOROUGH,SCARBOROUGH,SCARBOROUGH,NORTH YORKSHIRE,A,A
{FB15CDAA-A168-498B-9654-52ED9853EC58},72000,1995-02-02 00:00,OX18 2DJ,S,N,F,1,,NORTH STREET,ASTON,BAMPTON,WEST OXFORDSHIRE,OXFORDSHIRE,A,A
{84B16822-591A-47AF-BF88-52EDA1246FDD},141400,1995-01-17 00:00,SW17 8AF,S,N,F,55,,ELMFIELD ROAD,LONDON,LONDON,WANDSWORTH,GREATER LONDON,A,A
{248B881A-4A5C-4AD3-B0B1-52EDADE9FB4C},16000,1995-11-15 00:00,BL1 8BZ,T,N,L,589,,HALLIWELL ROAD,BOLTON,BOLTON,BOLTON,GREATER MANCHESTER,A,A
{A635041A-E78B-4C6B-BA76-52EDBD5462C1},100000,1995-11-17 00:00,HR1 4DW,D,N,F,17,,ARROWSMITH AVENUE,BARTESTREE,HEREFORD,SOUTH HEREFORDSHIRE,HEREFORD AND WORCESTER,A,A
{F33F6D75-2DF1-4644-B48B-4F4C79A7D63E},49000,1995-03-31 00:00,BH1 4SD,T,N,F,29,,STANLEY ROAD,BOURNEMOUTH,BOURNEMOUTH,BOURNEMOUTH,BOURNEMOUTH,A,A
{67AD32FA-1B20-4734-926A-4F4CA4C49040},52000,1995-09-04 00:00,CF5 1LW,T,N,F,7,,BEDA ROAD,CARDIFF,CARDIFF,CARDIFF,CARDIFF,A,A
{E61158DD-5AED-4ABA-AC17-4BBC7012F942},46950,1995-02-17 00:00,DE55 2DZ,S,Y,F,83,,CARTER LANE EAST,SOUTH NORMANTON,ALFRETON,BOLSOVER,DERBYSHIRE,A,A
{65C91B2C-0756-4C97-91B2-5A0962F2D0D7},59995,1995-12-15 00:00,LE17 4TL,D,N,F,2,,BEECH AVENUE,LUTTERWORTH,LUTTERWORTH,MELTON,LEICESTERSHIRE,A,A
{65F7D60B-BE8C-4E67-966E-5A096C178A05},37000,1995-05-12 00:00,DE5 9SJ,S,N,F,15,,REDMOOR CLOSE,CODNOR,RIPLEY,AMBER VALLEY,DERBYSHIRE,A,A
{9F19DCCE-1746-4476-B7EB-4F4CC16C64EA},40500,1995-06-09 00:00,EX36 4BN,F,Y,L,OAKWOOD COURT,9,BROOK MEADOW,SOUTH MOLTON,SOUTH MOLTON,NORTH DEVON,DEVON,A,A
{7DB598CB-4F0F-4EBF-B933-4F4CC5082350},67000,1995-06-16 00:00,CR0 4HN,T,N,F,293,,VIOLET LANE,CROYDON,CROYDON,CROYDON,GREATER LONDON,A,A
{27C0CF7C-AB34-48C6-8A91-4F4CD8F68DB4},22500,1995-05-05 00:00,B64 6DY,S,N,L,66,,PETFORD STREET,CRADLEY HEATH,CRADLEY HEATH,SANDWELL,WEST MIDLANDS,A,A
{7539D6C2-B859-4F46-9172-4F4CE6026E4A},55800,1995-08-24 00:00,PE16 6HU,D,Y,F,6,,HAIGHS CLOSE,CHATTERIS,CHATTERIS,FENLAND,CAMBRIDGESHIRE,A,A
{551E3C32-4047-4E37-AD02-4BBCBB1475EC},43500,1995-07-31 00:00,WS9 9JD,S,N,L,19,,SALTERS ROAD,WALSALL,WALSALL,WALSALL,WEST MIDLANDS,A,A
{1D2006D3-2A36-4BA6-990C-4BBCC00E5D04},108000,1995-08-22 00:00,N1 3BQ,F,N,L,61A,,ELIZABETH AVENUE,LONDON,LONDON,ISLINGTON,GREATER LONDON,A,A
{78C0E322-387E-4BBB-849E-4BBCC6326585},46995,1995-02-28 00:00,L12 7LR,S,Y,F,19,,MARLOWE DRIVE,LIVERPOOL,LIVERPOOL,LIVERPOOL,MERSEYSIDE,A,A
{EE3A79DB-12F1-47F8-AC11-5670C080C910},45000,1995-09-11 00:00,CV11 6HT,D,N,F,17,,THIRLMERE AVENUE,NUNEATON,NUNEATON,NUNEATON AND BEDWORTH,WARWICKSHIRE,A,A
{3AEBDC5E-7DBF-43A5-ADB8-5670CC11ADEA},87995,1995-05-12 00:00,SS3 9LZ,D,Y,F,31,,WICKLOW WALK,SHOEBURYNESS,SOUTHEND-ON-SEA,SOUTHEND-ON-SEA,SOUTHEND-ON-SEA,A,A
{648C617F-1FBA-404C-B042-5670D2E999F7},39000,1995-05-26 00:00,LN3 5UD,S,N,F,80,,STATION ROAD,BARDNEY,LINCOLN,WEST LINDSEY,LINCOLNSHIRE,A,A
{4A8EC86A-F845-47EB-B0D3-5670DDCF0DDD},130100,1995-12-15 00:00,RG14 6BJ,D,N,F,10,,ENBORNE GROVE,NEWBURY,NEWBURY,NEWBURY,BERKSHIRE,A,A
{647C798B-8F05-4D6D-91EC-4F4CF6A01B87},97000,1995-02-24 00:00,IP32 7JD,D,Y,F,8,,LAYWOOD CLOSE,BURY ST. EDMUNDS,BURY ST. EDMUNDS,ST EDMUNDSBURY,SUFFOLK,A,A
{9E8A0281-3F14-462F-A977-4F4D094D0D6E},45950,1995-09-08 00:00,S70 5AY,S,Y,F,11,,HARVEST CLOSE,WORSBROUGH,BARNSLEY,BARNSLEY,SOUTH YORKSHIRE,A,A
{42C6A659-63AD-4DAE-9481-4BBCF1288BAE},45000,1995-09-28 00:00,RH16 3QJ,F,N,L,137,,AMERICA LANE,HAYWARDS HEATH,HAYWARDS HEATH,MID SUSSEX,WEST SUSSEX,A,A
{CDF931F7-31E7-4DE8-BDCF-4BBD1F85E07D},77950,1995-09-29 00:00,WS11 7ZG,S,Y,F,9,,WOOTTON CLOSE,CANNOCK,CANNOCK,CANNOCK CHASE,STAFFORDSHIRE,A,A
{A982DE52-AA37-4AC7-9A40-52EE25C2E6BE},37250,1995-09-08 00:00,WF1 4PW,T,N,F,26,,BRUNSWICK STREET,WAKEFIELD,WAKEFIELD,WAKEFIELD,WEST YORKSHIRE,A,A
{27A293E4-514B-4951-AF93-52EE26ABFB18},40000,1995-11-07 00:00,CV22 7LP,S,N,F,37,,TROUBRIDGE WALK,RUGBY,RUGBY,RUGBY,WARWICKSHIRE,A,A
{1ECC17F7-E28C-44E5-94AA-52EE2D888080},83000,1995-09-28 00:00,LN4 3PX,D,N,F,THE OLD SCHOOL HOUSE,,MAIN STREET,DORRINGTON,LINCOLN,NORTH KESTEVEN,LINCOLNSHIRE,A,A
{75D01314-5CF3-494D-AC9D-567103D3018D},82950,1995-05-04 00:00,WR9 8DU,S,Y,F,18,,CALDER CLOSE,DROITWICH,DROITWICH,WYCHAVON,WORCESTERSHIRE,A,A
{BAEB36A2-FF9B-464B-A541-4F4D38FB7CD4},79950,1995-08-18 00:00,SG4 9SG,T,Y,L,53,,HARRISON CLOSE,HITCHIN,HITCHIN,NORTH HERTFORDSHIRE,HERTFORDSHIRE,A,A
{0E6B4BAF-98A9-4063-BF3D-4F4D440521B7},82500,1995-07-21 00:00,PO7 7AR,D,N,F,10,,MILL ROAD,WATERLOOVILLE,WATERLOOVILLE,HAVANT,HAMPSHIRE,A,A
{C46A0D0C-67D4-40DE-9D92-4F4D671125C7},100000,1995-10-06 00:00,BN17 6BY,D,N,F,3,,NORMAN CLOSE,LITTLEHAMPTON,LITTLEHAMPTON,ARUN,WEST SUSSEX,A,A
{95B30DC7-DDD7-4483-B7F7-4F4D6B905FA3},68500,1995-10-06 00:00,SG3 6DT,T,N,F,115,,WADNALL WAY,KNEBWORTH,KNEBWORTH,NORTH HERTFORDSHIRE,HERTFORDSHIRE,A,A
{8AE74FC2-D2D5-4F4D-878C-4BBD24A9CF0E},85000,1995-10-02 00:00,W7 2JS,S,N,F,45,,SEWARD ROAD,LONDON,LONDON,EALING,GREATER LONDON,A,A
{7E412C48-BE93-43A2-97AE-4BBD33D78349},34000,1995-10-30 00:00,DN34 4RG,T,N,F,68,,ELM AVENUE,GRIMSBY,GRIMSBY,GREAT GRIMSBY,HUMBERSIDE,A,A
{8AFC95E6-1FB6-4DAC-8A6A-4BBD3F7ABA4B},80000,1995-03-03 00:00,E2 7BY,T,N,F,21,,BAXENDALE STREET,LONDON,LONDON,TOWER HAMLETS,GREATER LONDON,A,A
{87ADDB1B-99B9-4ACC-9979-4BBD400BB217},33000,1995-02-28 00:00,SO18 4SW,F,N,L,65,,VALE DRIVE,SOUTHAMPTON,SOUTHAMPTON,SOUTHAMPTON,SOUTHAMPTON,A,A
{2A2C8AE6-9815-4C4F-BA20-4BBD4770B4A8},38750,1995-07-28 00:00,SP4 7JX,F,N,L,THE CLOISTERS,FLAT 21,LONDON ROAD,AMESBURY,SALISBURY,SALISBURY,WILTSHIRE,A,A
{0ED8A76E-9519-4C8C-AE26-5A09C87E3871},41250,1995-12-15 00:00,BA21 3SQ,S,N,F,8,,PRIORY GLADE,YEOVIL,YEOVIL,SOUTH SOMERSET,SOMERSET,A,A
{EADD6DF3-CD2A-4902-A185-5A09CE7BA157},34000,1995-08-25 00:00,CV22 5HU,S,N,F,5,,BALCOMBE ROAD,RUGBY,RUGBY,RUGBY,WARWICKSHIRE,A,A
{E75A4AD5-198B-4D1A-BC49-5A0A00D9E8D8},62500,1995-11-14 00:00,B28 0JP,T,N,F,25,,PRIMROSE CROFT,HALL GREEN,BIRMINGHAM,BIRMINGHAM,WEST MIDLANDS,A,A
{7C8158B9-858A-4931-B296-52EE3B770E11},59950,1995-09-18 00:00,CF83 2RT,S,N,F,24,,MAES Y SIGLEN,CAERPHILLY,CAERPHILLY,RHYMNEY VALLEY,MID GLAMORGAN,A,A
{FAB29CDE-0E52-4115-A03B-52EE3E317CE9},36500,1995-04-21 00:00,B37 5EH,T,N,F,6,,HEATHMERE DRIVE,BIRMINGHAM,BIRMINGHAM,SOLIHULL,WEST MIDLANDS,A,A
{7132F42A-14DA-48F3-A95E-52EE54E04050},20000,1995-01-05 00:00,DN32 8ED,T,N,F,93,,COLUMBIA ROAD,GRIMSBY,GRIMSBY,GREAT GRIMSBY,HUMBERSIDE,A,A
{FF1FB348-0215-41BD-B753-52EE6E02B1FE},62950,1995-09-01 00:00,HU17 8UZ,S,Y,F,43,,BRAMBLE HILL,BEVERLEY,BEVERLEY,THE EAST YORKSHIRE BOROUGH OF BEVERLEY,HUMBERSIDE,A,A
{71774F5A-4589-4249-BF3A-4F4D7146545F},172225,1995-02-28 00:00,N5 2BL,F,N,L,52,FLAT 6,ABERDEEN PARK,LONDON,LONDON,ISLINGTON,GREATER LONDON,A,A
{38C7F650-B9B4-4EEE-8042-4BBD5B0B5DE2},52000,1995-03-24 00:00,LE18 1NH,S,N,F,25,,EASTWAY ROAD,WIGSTON,WIGSTON,OADBY AND WIGSTON,LEICESTERSHIRE,A,A
{C323AFE8-ED31-4862-AE76-4BBD5EE136A1},72500,1995-07-28 00:00,DE21 7AR,D,N,F,121,,LOCKO ROAD,SPONDON,DERBY,DERBY,DERBYSHIRE,A,A
{9A99FA5B-F15F-4392-B40F-4BBD6CD7EED5},143950,1995-09-08 00:00,RG7 6ST,D,N,F,RANSOM,,BRIFF LANE,UPPER BUCKLEBURY,READING,NEWBURY,BERKSHIRE,A,A
{A2021AAB-9FB0-4E2F-B1C1-5A0A0A325141},47500,1995-08-31 00:00,BH25 5UL,T,N,F,7,,CHATSWORTH WAY,NEW MILTON,NEW MILTON,NEW FOREST,HAMPSHIRE,A,A
{D3BCE694-F851-4D28-A97D-5A0A1BD9C304},53950,1995-07-28 00:00,OL12 7GJ,S,Y,F,2,,DOWNLEY CLOSE,ROCHDALE,ROCHDALE,ROCHDALE,GREATER MANCHESTER,A,A
{EE65B8F4-2630-408E-8894-5A0A1ED37F7B},45000,1995-03-31 00:00,HP3 9HL,T,N,F,41B,,LAWN LANE,HEMEL HEMPSTEAD,HEMEL HEMPSTEAD,DACORUM,HERTFORDSHIRE,A,A
{3BD38D95-1987-4B5B-B19E-5A0A3AB836F9},95950,1995-05-26 00:00,BR6 0EN,S,N,F,47,,BROOMHILL ROAD,ORPINGTON,ORPINGTON,BROMLEY,GREATER LONDON,A,A
{E33FF6F2-0918-41DB-98E7-5A0A443A12FF},37500,1995-03-06 00:00,WA2 7RL,T,N,L,16,,NORRIS STREET,ORFORD,WARRINGTON,WARRINGTON,WARRINGTON,A,A
{12715D1A-55C4-41B0-B7D1-52EE8564C6B4},37000,1995-06-23 00:00,ST7 2DX,T,N,F,5,,ELM GROVE,ALSAGER,STOKE-ON-TRENT,CONGLETON,CHESHIRE,A,A
{8F571F1E-D7EE-4CEC-8BAC-52EE95855F57},22950,1995-01-27 00:00,DH8 7SF,T,N,F,90,,FRONT STREET,LEADGATE,CONSETT,DERWENTSIDE,DURHAM,A,A
{5F63D681-5BF4-4147-968A-52EE9CF99C99},40000,1995-10-11 00:00,IP3 8JL,S,N,F,9,,EXETER ROAD,IPSWICH,IPSWICH,IPSWICH,SUFFOLK,A,A
{F1AAF1AD-0881-42E1-97F9-52EEAB94768E},42000,1995-03-10 00:00,SR5 5DL,S,N,F,7,,ROTHERFIELD ROAD,SUNDERLAND,SUNDERLAND,SUNDERLAND,TYNE AND WEAR,A,A
{798B77DA-3478-4084-B270-52EEBB03A107},39050,1995-06-30 00:00,S45 8DJ,S,N,F,6,,PARK HOUSE ROAD,LOWER PILSLEY,CHESTERFIELD,NORTH EAST DERBYSHIRE,DERBYSHIRE,A,A
{AA3FEAF1-D4E9-436D-8BAA-56715E6A8250},64000,1995-03-10 00:00,BH9 2NE,D,N,F,16,,BENGAL ROAD,BOURNEMOUTH,BOURNEMOUTH,BOURNEMOUTH,BOURNEMOUTH,A,A
{D8C75374-B30D-47C8-A622-4F4DBDD07451},48000,1995-12-15 00:00,SO14 0AR,S,N,F,15,,EXMOOR ROAD,SOUTHAMPTON,SOUTHAMPTON,SOUTHAMPTON,SOUTHAMPTON,A,A
{C2E3F5E5-7705-4CC6-8B30-4BBDC0B9941A},41500,1995-04-21 00:00,DL7 0TD,S,N,F,THYME COTTAGE,,THE SQUARE,GREAT LANGTON,NORTHALLERTON,HAMBLETON,NORTH YORKSHIRE,A,A
{85FBFB51-38D5-48CB-AC8A-4BBDCA9FB8C5},35995,1995-02-28 00:00,WA9 3QE,T,Y,F,3,,EDGEWORTH STREET,ST. HELENS,ST. HELENS,ST HELENS,MERSEYSIDE,A,A
{E9133E58-FEF3-4841-B881-5A0A89ADC554},30000,1995-09-19 00:00,NE4 6XH,S,N,F,49,,CLIFTON ROAD,NEWCASTLE UPON TYNE,NEWCASTLE UPON TYNE,NEWCASTLE UPON TYNE,TYNE AND WEAR,A,A
{178A93AD-4319-4E3C-BC12-56717F0EAB82},31000,1995-02-24 00:00,PO31 7DJ,T,N,F,16,,THETIS ROAD,COWES,COWES,MEDINA,ISLE OF WIGHT,A,A
{1DAC7AF9-341C-4D3A-B168-4F4E331D779E},106950,1995-01-06 00:00,RH13 9UW,D,Y,F,62,,CEDAR DRIVE,SOUTHWATER,HORSHAM,HORSHAM,WEST SUSSEX,A,A
{40AF2639-729A-415F-A069-4F4E334DE7B4},146450,1995-07-24 00:00,SK4 4JX,D,N,F,18,,GIBSONS ROAD,STOCKPORT,STOCKPORT,STOCKPORT,GREATER MANCHESTER,A,A
{5DE4AD53-70C2-40E6-B6C1-4BBDEDF98CAC},89950,1995-07-28 00:00,SL6 9LL,S,N,F,20,,GORSE ROAD,COOKHAM,MAIDENHEAD,WINDSOR AND MAIDENHEAD,WINDSOR AND MAIDENHEAD,A,A
{0BB9CDE0-D38A-4B6E-A656-4BBDFA8EF5ED},127500,1995-09-15 00:00,WA14 3HW,S,N,L,"DINGLE DENE, 26",APARTMENT 2,,TILEHURST ROAD,ALTRINCHAM,TRAFFORD,GREATER MANCHESTER,A,A
{8E51068F-96D9-494B-946A-4BBE0FD54719},53000,1995-10-27 00:00,RM9 6DD,T,N,F,28,,HEDGEMANS WAY,DAGENHAM,DAGENHAM,BARKING AND DAGENHAM,GREATER LONDON,A,A
{B8158D4D-34A5-4A94-BF92-5A0AC5E910D4},120000,1995-10-03 00:00,SP5 1NU,D,N,F,GLENDALE,,FRENCHMOOR,WEST TYTHERLEY,SALISBURY,TEST VALLEY,HAMPSHIRE,A,A
{912826DF-BCE5-430D-B862-5A0AD59EF2A4},119500,1995-05-10 00:00,M35 9GE,D,Y,L,11,,WATERFIELD WAY,FAILSWORTH,MANCHESTER,OLDHAM,GREATER MANCHESTER,A,A
{032EE0EC-A367-4C9D-A80D-52EEFFC9E9F7},60000,1995-06-08 00:00,CF3 4JR,S,N,F,11,,CLOVELLY CRESCENT,LLANRUMNEY,CARDIFF,CARDIFF,CARDIFF,A,A
{553DD1CF-7CA8-4434-93D7-52EF1F04B69D},39750,1995-08-17 00:00,PO1 5ED,T,N,F,16,,MANCHESTER ROAD,PORTSMOUTH,PORTSMOUTH,PORTSMOUTH,PORTSMOUTH,A,A
{669A9384-F6E7-4728-98B3-52EF2104968B},53500,1995-11-17 00:00,SM1 2LA,F,N,L,55A,,WESTFIELD ROAD,SUTTON,SUTTON,SUTTON,GREATER LONDON,A,A
{448ED539-4F03-48DB-9815-52EF31762BFB},44750,1995-02-24 00:00,ME8 9JF,T,N,F,26,,WHEATCROFT GROVE,GILLINGHAM,GILLINGHAM,GILLINGHAM,KENT,A,A
{C928571E-8F93-4492-AC38-5671CB743CC3},86500,1995-06-23 00:00,DL7 0QP,D,N,F,HEDGEROWS,,STATION ROAD,SCRUTON,NORTHALLERTON,HAMBLETON,NORTH YORKSHIRE,A,A
{AE64995C-AF84-47B0-929B-5671D298A67C},60000,1995-03-02 00:00,CT6 7EB,S,N,F,25,,MILL LANE,HERNE BAY,HERNE BAY,CANTERBURY,KENT,A,A
{266EA11A-B573-40BD-BA7F-5671DDDE8C32},55500,1995-06-30 00:00,PE11 3NY,D,N,F,43,,LILBURN DRIVE,SPALDING,SPALDING,SOUTH HOLLAND,LINCOLNSHIRE,A,A
{3B72D33A-6647-46FC-8130-4F4E3FF6FB0C},77995,1995-10-30 00:00,WD18 6GF,S,Y,F,5,,HIMALAYAN WAY,WATFORD,WATFORD,WATFORD,HERTFORDSHIRE,A,A
{958DCC6B-EC8A-4C15-ACC2-4F4E4DEBDF74},95000,1995-06-30 00:00,HU16 5YG,D,N,F,125,,EPPLEWORTH ROAD,COTTINGHAM,COTTINGHAM,THE EAST YORKSHIRE BOROUGH OF BEVERLEY,HUMBERSIDE,A,A
{556422AD-892C-4F2C-8E3D-4F4E568D45B5},210000,1995-05-19 00:00,SW19 7HD,T,N,F,21,,PINE GROVE,LONDON,LONDON,MERTON,GREATER LONDON,A,A
{5457C342-988E-4380-8FA1-4F4E62605043},45750,1995-11-24 00:00,LN11 0AY,S,N,F,8,,ANTHONY CRESCENT,LOUTH,LOUTH,EAST LINDSEY,LINCOLNSHIRE,A,A
{01071AB5-F2F4-45D9-A0A2-4F4E655F3BE8},55500,1995-01-31 00:00,TA1 3JP,T,N,F,30,,VIVARY ROAD,TAUNTON,TAUNTON,TAUNTON DEANE,SOMERSET,A,A
{7C2CD616-5BAD-4A24-A09F-4BBE1E7A71F8},60000,1995-07-31 00:00,BH12 3BQ,D,N,F,31,,FARCROFT ROAD,POOLE,POOLE,POOLE,POOLE,A,A
{2039AFEC-2F1C-4B4B-9896-4BBE237E8365},44000,1995-08-22 00:00,NE11 0BX,S,N,F,22,,ELMWOOD GARDENS,GATESHEAD,GATESHEAD,GATESHEAD,TYNE AND WEAR,A,A
{FF24BB67-3F55-47E6-AC8A-4BBE2719BDCA},60000,1995-10-20 00:00,WF12 0BJ,D,N,F,20,,NOOK GREEN,DEWSBURY,DEWSBURY,KIRKLEES,WEST YORKSHIRE,A,A
{4FFFEC19-FE24-4EB9-9A3C-4BBE35EC6DA6},106995,1995-09-08 00:00,TW16 7NG,S,Y,F,27,,SADDLEBROOK PARK,SUNBURY-ON-THAMES,SUNBURY-ON-THAMES,SPELTHORNE,SURREY,A,A
{546C10D7-CAA4-4A79-AC79-4BBE390BB747},71000,1995-06-23 00:00,SL8 5UP,T,N,F,THYME COTTAGE,,FRANK LUNNON CLOSE,BOURNE END,BOURNE END,WYCOMBE,BUCKINGHAMSHIRE,A,A
{5DA3A93B-A757-44C0-A01F-5A0AE036FB58},63000,1995-09-04 00:00,S26 3RH,D,N,F,14,,AMBLER RISE,AUGHTON,SHEFFIELD,ROTHERHAM,SOUTH YORKSHIRE,A,A
{9C6F629C-4ADF-4B0F-9770-5A0B0F788D2C},68500,1995-06-26 00:00,OX5 1BJ,S,N,F,6,,HARDWICK AVENUE,KIDLINGTON,KIDLINGTON,CHERWELL,OXFORDSHIRE,A,A
{FD776DC5-5D64-4BB9-9CA8-52EF60B852D5},15000,1995-06-09 00:00,L7 0JL,T,N,F,46,,MIDDLETON ROAD,FAIRFIELD,LIVERPOOL,LIVERPOOL,MERSEYSIDE,A,A
{A796F971-C129-40FE-A84F-52EF6D8A5B2B},50025,1995-02-14 00:00,IP1 4HA,T,N,F,349,,NORWICH ROAD,IPSWICH,IPSWICH,IPSWICH,SUFFOLK,A,A
{88B1394A-C07E-48F9-BB85-56721306562A},155000,1995-11-15 00:00,SG17 5LG,D,N,F,3,,BEECHWOOD RISE,SHEFFORD,SHEFFORD,MID BEDFORDSHIRE,BEDFORDSHIRE,A,A
{C5D12206-613F-4EA8-AF32-4F4E78A89BA4},29000,1995-06-30 00:00,NG16 6RF,S,N,F,28,,CROFT CLOSE,PINXTON,NOTTINGHAM,BOLSOVER,DERBYSHIRE,A,A
{45F7DEF9-9712-4B8F-AEDB-4BBE7603DCBB},53995,1995-03-24 00:00,S26 2DT,S,Y,F,8,,WALESWOOD VIEW,ASTON,SHEFFIELD,ROTHERHAM,SOUTH YORKSHIRE,A,A
{292DD8DA-BFB2-495C-9DCE-4BBE7A30D4F2},81500,1995-03-30 00:00,EN1 3LY,S,N,F,3,,CHAILEY AVENUE,ENFIELD,ENFIELD,ENFIELD,GREATER LONDON,A,A
{0D051C43-6512-4805-8C14-5A0B1EEFA172},55000,1995-05-31 00:00,WA15 8AZ,D,N,F,190,,MOSS LANE,HALE,ALTRINCHAM,TRAFFORD,GREATER MANCHESTER,A,A
{AE92ADC0-0E32-49A3-9987-56722EDD6A79},101500,1995-02-10 00:00,SN14 7BA,D,N,F,BUSH HAY,,THE STREET,YATTON KEYNELL,CHIPPENHAM,NORTH WILTSHIRE,WILTSHIRE,A,A
{1B51B45D-7383-4552-A53C-4F4EA4E9AC25},43000,1995-02-28 00:00,WA4 1XH,S,N,F,95,,KINGSWAY SOUTH,LATCHFORD,WARRINGTON,WARRINGTON,WARRINGTON,A,A
{1739DE89-0557-4EDA-8E1E-4F4EACF38643},60000,1995-04-28 00:00,BN3 7LN,S,N,F,310,,HANGLETON ROAD,HOVE,HOVE,HOVE,EAST SUSSEX,A,A
{F2E4A149-3793-46E5-BE2B-4F4EB1EDBD73},139000,1995-08-17 00:00,N20 0JZ,S,N,F,45,,CHURCH WAY,LONDON,LONDON,BARNET,GREATER LONDON,A,A
{8B00C8E3-0D80-4C01-8D82-4F4EB4B1BDA3},67500,1995-03-31 00:00,TN4 9JH,S,N,F,44,,ST LUKES ROAD,TUNBRIDGE WELLS,TUNBRIDGE WELLS,TUNBRIDGE WELLS,KENT,A,A
{CE5B4B27-75FA-4C06-BE13-4F4EC9020B8F},65995,1995-09-29 00:00,DH2 2UH,D,Y,F,64,,GRAYTHWAITE,CHESTER LE STREET,CHESTER LE STREET,CHESTER-LE-STREET,DURHAM,A,A
{6986DA22-3B40-4EC0-A751-4F4ECB6CB541},68500,1995-01-23 00:00,SO31 4RG,T,N,F,31,,BARTON DRIVE,HAMBLE,SOUTHAMPTON,EASTLEIGH,HAMPSHIRE,A,A
{AE0FBE44-0BBA-45B4-BF65-4F4EE39CE113},79000,1995-05-11 00:00,NG11 7AL,T,N,F,118,,MAIN ROAD,WILFORD,NOTTINGHAM,NOTTINGHAM,NOTTINGHAMSHIRE,A,A
{6FB3FBC4-5938-4D92-A963-4BBEBDD80E8C},105000,1995-03-28 00:00,LS17 9HE,S,N,F,17,,ALLERTON DRIVE,EAST KESWICK,LEEDS,LEEDS,WEST YORKSHIRE,A,A
{E68548BF-A942-40B7-BBA1-5A0B638A8BFE},41000,1995-01-05 00:00,FY8 2ET,F,N,L,SANDHURST GRANGE,FLAT 15,SANDHURST AVENUE,LYTHAM ST. ANNES,LYTHAM ST. ANNES,FYLDE,LANCASHIRE,A,A
{F4F24836-09EA-4276-96AA-5A0B90FA849B},79000,1995-06-16 00:00,NG18 5AF,S,N,F,34,,KING EDWARD AVENUE,MANSFIELD,MANSFIELD,MANSFIELD,NOTTINGHAMSHIRE,A,A
{9013B585-5ACA-47E0-B4BD-5A0B969ECAB5},64350,1995-01-30 00:00,SS16 6NS,S,N,F,9,,DOVEDALE CLOSE,LANGDON HILLS,BASILDON,BASILDON,ESSEX,A,A
{522D5671-81E9-4D2F-8127-5A0B9A82A94B},91000,1995-07-13 00:00,DH7 9JT,D,Y,F,14,,MERLIN COURT,ESH WINNING,DURHAM,DURHAM,DURHAM,A,A
{6ED9EE0F-565D-4E1A-AA98-52EFC77CE94D},35000,1995-10-12 00:00,ME3 0BU,S,N,F,12,,ST JAMES ROAD,ISLE OF GRAIN,ROCHESTER,ROCHESTER UPON MEDWAY,KENT,A,A
{4BD1E13E-83A6-4A13-A43E-52EFCDCD886F},35000,1995-01-30 00:00,LS28 8LJ,S,N,F,THYME COTTAGE,,DELPH END,PUDSEY,PUDSEY,LEEDS,WEST YORKSHIRE,A,A
{37E5B983-CB35-42E1-BC36-56726CFBDBE5},85995,1995-11-08 00:00,CM14 5AU,S,N,F,65,,WOODMAN ROAD,WARLEY,BRENTWOOD,BRENTWOOD,ESSEX,A,A
{2B66FC83-9340-4BC6-A2AF-56726E81A02C},47000,1995-09-29 00:00,PE6 7DX,T,N,F,16,,WEST STREET,HELPSTON,PETERBOROUGH,PETERBOROUGH,CAMBRIDGESHIRE,A,A
{4AB68B0F-274C-4C32-8E41-5672873C4A84},39000,1995-08-22 00:00,TN35 5EQ,T,N,F,18,,BRIGHTLING AVENUE,HASTINGS,HASTINGS,HASTINGS,EAST SUSSEX,A,A
{58665E86-FA2A-474A-AA80-4F4F10F5C39B},46500,1995-12-21 00:00,PE1 4EX,S,N,F,73,,SALLOWS ROAD,PETERBOROUGH,PETERBOROUGH,PETERBOROUGH,CAMBRIDGESHIRE,A,A
{5CE44B9F-7678-4819-94EF-4F4F13E1561F},44000,1995-12-15 00:00,PR1 4TD,T,N,F,THYME COTTAGE,,NEW HALL LANE,PRESTON,PRESTON,PRESTON,LANCASHIRE,A,A
{8BC25C71-D806-4441-9C29-4BBEFCA05028},82000,1995-11-01 00:00,PR8 1EQ,S,N,F,30,,PRINCES STREET,SOUTHPORT,SOUTHPORT,SEFTON,MERSEYSIDE,A,A
{CAD86F94-B225-4CB9-AC5D-4BBF04901767},53000,1995-03-24 00:00,CR4 3HP,F,N,L,148,,LAVENDER AVENUE,MITCHAM,MITCHAM,MERTON,GREATER LONDON,A,A
{8AABA6CF-704D-443C-BF3E-4BBF0C143C09},50500,1995-07-07 00:00,WA3 7HP,S,N,F,11,,MAYTHORN AVENUE,CROFT,WARRINGTON,WARRINGTON,WARRINGTON,A,A
{C27F5E39-8D18-4EF4-9613-4BBF13A584F7},40000,1995-10-27 00:00,PO7 8ND,S,N,F,9,,RIPON GARDENS,WATERLOOVILLE,WATERLOOVILLE,HAVANT,HAMPSHIRE,A,A
{A195CD43-B756-43B4-8B8E-5A0BB2B17559},77750,1995-10-20 00:00,BS32 0EW,D,N,F,135,,CAMPION DRIVE,BRADLEY STOKE,BRISTOL,NORTHAVON,AVON,A,A
{0B68B58B-6AFB-4D2A-818F-5A0BC0464AB7},42500,1995-03-24 00:00,NR13 3DY,T,Y,F,THE STONEMASONS COTTAGE,,THE STREET,ACLE,NORWICH,BROADLAND,NORFOLK,A,A
{5A85D736-772E-4670-ABAB-52F00C828D17},51000,1995-02-03 00:00,DN37 0XZ,D,N,F,2,,LONGHORN COURT,WALTHAM,GRIMSBY,NORTH EAST LINCOLNSHIRE,NORTH EAST LINCOLNSHIRE,A,A
{60AAF06A-32D2-488F-B5C8-52F011DFB012},61000,1995-09-27 00:00,TR2 5AY,D,Y,F,CREEKSIDE,,POLVARTH ROAD,ST MAWES,TRURO,CARRICK,CORNWALL,A,A
{4D312CFC-B02B-4016-A9A1-52F0352AD6B8},100000,1995-08-31 00:00,ST3 7SZ,D,N,F,18,,ALDERTON GROVE,STOKE-ON-TRENT,STOKE-ON-TRENT,STOKE-ON-TRENT,STOKE-ON-TRENT,A,A
{F6E14726-D805-49A5-8A6C-52F03B335DDF},46500,1995-01-20 00:00,DN20 0EW,D,Y,F,49,,WINDSOR WAY,BROUGHTON,BRIGG,GLANFORD,HUMBERSIDE,A,A
{995312AA-57E6-4089-BA5D-56729C17B51A},355050,1995-06-29 00:00,SL2 3BJ,D,Y,F,STOKE PARK HOUSE,,STOKE PARK AVENUE,FARNHAM ROYAL,SLOUGH,SOUTH BUCKS,BUCKINGHAMSHIRE,A,A
{DEB6D074-E0B2-48D6-8CC8-5672BBF830A0},52500,1995-04-07 00:00,CM9 8SD,S,N,F,38,,WOODROLFE ROAD,TOLLESBURY,MALDON,MALDON,ESSEX,A,A
{A14645DE-9B1D-4ED8-8DBB-5672CCBBA4FB},225000,1995-10-31 00:00,W12 8EP,S,N,F,197,,GOLDHAWK ROAD,LONDON,LONDON,HAMMERSMITH AND FULHAM,GREATER LONDON,A,A
{1B962295-E236-4CA3-9321-4F4F482A0625},25000,1995-02-28 00:00,LN2 4RS,T,N,F,21,,MONTAIGNE CLOSE,LINCOLN,LINCOLN,LINCOLN,LINCOLNSHIRE,A,A
{7493FE8B-8B61-465F-BB5A-4F4F60A3DE82},47000,1995-09-22 00:00,YO31 7EA,F,Y,L,8,,ST GILES GATE,,YORK,YORK,YORK,A,A
{73B74751-B6F4-4430-A183-4BBF39529C2F},65000,1995-06-30 00:00,DA15 8HE,T,N,F,12,,BEVERLEY AVENUE,SIDCUP,SIDCUP,BEXLEY,GREATER LONDON,A,A
{5C43C7F8-3B0B-4062-A993-4BBF3DD6733B},52500,1995-04-28 00:00,W4 3BY,F,N,L,56,,CHISWICK VILLAGE,LONDON,LONDON,HOUNSLOW,GREATER LONDON,A,A
{ECEF0565-1AA9-4303-81C8-4BBF4A1C8D10},165000,1995-08-31 00:00,W1U 4EQ,F,N,L,ST ANDREWS MANSIONS,FLAT 20,DORSET STREET,LONDON,LONDON,CITY OF WESTMINSTER,GREATER LONDON,A,A
{AF8D8EB1-8310-499F-B366-4BBF5B1D3689},206750,1995-08-17 00:00,SW11 3DN,S,N,F,22,,OCTAVIA STREET,LONDON,LONDON,WANDSWORTH,GREATER LONDON,A,A
{5A4E3AD8-5AC3-47EC-85BE-5A0BEB49195C},121000,1995-04-10 00:00,SO15 2RZ,T,Y,F,12,,ARLOTT COURT,SOUTHAMPTON,SOUTHAMPTON,SOUTHAMPTON,SOUTHAMPTON,A,A
{9B6FF4CB-3FD0-4B7C-A408-5A0C0481377E},20000,1995-05-15 00:00,CM1 2LB,S,N,F,156,,AVON ROAD,CHELMSFORD,CHELMSFORD,CHELMSFORD,ESSEX,A,A
{F4C9B9D9-EF3E-4855-A739-52F08DF4834A},205000,1995-04-05 00:00,BN6 8UE,D,N,F,4,,BARNFIELD GARDENS,DITCHLING,HASSOCKS,LEWES,EAST SUSSEX,A,A
{AF16BBEC-3E34-4E3A-BF71-5672DCFA6553},33000,1995-06-02 00:00,BN44 3YR,D,N,F,41,,KINGS BARN LANE,STEYNING,STEYNING,HORSHAM,WEST SUSSEX,A,A
{5A0CB75D-FFB7-4764-932A-5672DE47984A},37500,1995-08-11 00:00,SL3 8JX,F,N,L,26,,BRIDGEWATER COURT,SLOUGH,SLOUGH,SLOUGH,SLOUGH,A,A
{5A77BC03-713A-4035-B903-5672E7238836},35000,1995-11-10 00:00,CV3 5PQ,T,N,F,36,,CALVERT CLOSE,CHEYLESMORE,COVENTRY,COVENTRY,WEST MIDLANDS,A,A
{5281BC34-F72B-4D23-8D17-5672E954989C},26500,1995-07-21 00:00,NG18 2SA,T,N,F,1,,FISHER LANE,MANSFIELD,MANSFIELD,MANSFIELD,NOTTINGHAMSHIRE,A,A
{35A4DB4C-BF25-4A99-8465-5672F562CDF2},54000,1995-11-17 00:00,SG12 8EL,F,N,L,128,,RIVER MEADS,STANSTEAD ABBOTTS,WARE,EAST HERTFORDSHIRE,HERTFORDSHIRE,A,A
{5A4E3AD8-5AC3-47EC-85BE-5A0BEB49195C},121000,1995-04-10 00:00,SO15 2RZ,T,Y,F,12,,ARLOTT COURT,SOUTHAMPTON,SOUTHAMPTON,SOUTHAMPTON,SOUTHAMPTON,A,A
{9B6FF4CB-3FD0-4B7C-A408-5A0C0481377E},20000,1995-05-15 00:00,CM1 2LB,S,N,F,156,,AVON ROAD,CHELMSFORD,CHELMSFORD,CHELMSFORD,ESSEX,A,A
{F4C9B9D9-EF3E-4855-A739-52F08DF4834A},205000,1995-04-05 00:00,BN6 8UE,D,N,F,4,,BARNFIELD GARDENS,DITCHLING,HASSOCKS,LEWES,EAST SUSSEX,A,A
{AF16BBEC-3E34-4E3A-BF71-5672DCFA6553},33000,1995-06-02 00:00,BN44 3YR,D,N,F,41,,KINGS BARN LANE,STEYNING,STEYNING,HORSHAM,WEST SUSSEX,A,A
{5A0CB75D-FFB7-4764-932A-5672DE47984A},37500,1995-08-11 00:00,SL3 8JX,F,N,L,26,,BRIDGEWATER COURT,SLOUGH,SLOUGH,SLOUGH,SLOUGH,A,A
{5A77BC03-713A-4035-B903-5672E7238836},35000,1995-11-10 00:00,CV3 5PQ,T,N,F,36,,CALVERT CLOSE,CHEYLESMORE,COVENTRY,COVENTRY,WEST MIDLANDS,A,A
{5281BC34-F72B-4D23-8D17-5672E954989C},26500,1995-07-21 00:00,NG18 2SA,T,N,F,1,,FISHER LANE,MANSFIELD,MANSFIELD,MANSFIELD,NOTTINGHAMSHIRE,A,A
{35A4DB4C-BF25-4A99-8465-5672F562CDF2},54000,1995-11-17 00:00,SG12 8EL,F,N,L,128,,RIVER MEADS,STANSTEAD ABBOTTS,WARE,EAST HERTFORDSHIRE,HERTFORDSHIRE,A,A
{995312AA-57E6-4089-BA5D-56729C17B78A},355000,1995-06-30 00:00,SL2 3BJ,D,Y,F,STOKE PARK HOUSE,,STOKE PARK AVENUE,FARNHAM ROYAL,SLOUGH,SOUTH BUCKS,BUCKINGHAMSHIRE,A,A
{9B6FF4CB-3FD0-4B7C-A408-5A0C0484577E},21000,1996-05-15 00:00,CM1 2LB,S,N,F,156,,AVON ROAD,CHELMSFORD,CHELMSFORD,CHELMSFORD,ESSEX,A,A
{9B6FF4CB-3FD0-4B7C-A408-5A0C04845777},22000,1997-05-15 00:00,CM1 2LB,S,N,F,156,,AVON ROAD,CHELMSFORD,CHELMSFORD,CHELMSFORD,ESSEX,A,A
{9B6FF4CB-3FD0-4B7C-A408-5A0C04845888},22000,1997-05-15 00:00,CM1 2LB,S,N,F,156,,AVON ROAD,CHELMSFORD,CHELMSFORD,CHELMSFORD,ESSEX,A,A
